Wall time,Step,Value
1747323478.6946828,313,1.0867571830749512
1747323681.7333517,626,1.0033475160598755
1747323886.9959183,939,0.9760345220565796
1747324094.2350366,1252,0.9630371928215027
1747324303.4978166,1565,0.9558727741241455
1747324510.1253488,1878,0.9520757794380188
1747324716.6127155,2184,0.950685441493988
