Wall time,Step,Value
1747325342.038381,313,0.8249654173851013
1747325761.1171277,626,0.7331360578536987
1747326191.372574,939,0.7209838628768921
1747326620.7415893,1252,0.7147037982940674
1747327049.554779,1565,0.7126562595367432
1747327474.5520175,1878,0.7111203074455261
1747327890.3653138,2184,0.7108268141746521
