Wall time,Step,Value
1747329268.7202022,313,1.0022389888763428
1747329500.9835541,626,0.9665580987930298
1747329732.774928,939,0.9461051225662231
1747329965.1494827,1252,0.9261212944984436
1747330197.3794816,1565,0.9076505303382874
1747330429.7265751,1878,0.9042309522628784
1747330658.135912,2184,0.903561532497406
