Wall time,Step,Value
1747423129.6601233,313,1.0935214757919312
1747423370.9379184,626,1.0700520277023315
1747423605.3428855,939,1.0591548681259155
1747423839.5739064,1252,1.0511997938156128
1747424073.614531,1565,1.0490872859954834
1747424307.9020529,1878,1.0479706525802612
1747424538.5538447,2184,1.0480891466140747
