Wall time,Step,Value
1747421288.169003,313,0.9566259980201721
1747421505.048578,626,0.8728182911872864
1747421717.767867,939,0.8532710671424866
1747421933.141488,1252,0.8421273827552795
1747422150.2285295,1565,0.8382008075714111
1747422368.18455,1878,0.834777295589447
1747422580.9337943,2184,0.8339561820030212
